-- ジャンルテーブルへ情報を入力
INSERT INTO genres (genre_id,genre_name) VALUES
  (0,'野菜料理'),
  (1,'魚料理'),
  (2,'肉料理'),
  (3,'麺料理'),
  (4,'ご飯もの'),
  (5,'デザート'),
  (6,'和食'),
  (7,'中華料理'),
  (8,'イタリアン'),
  (9,'フレンチ');

-- 時間帯テーブル
INSERT INTO time_zones (time_zone_id,time_zone_name) VALUES
  (0,'時間帯を指定しない'),
  (1,'朝食'),
  (2,'昼食'),
  (3,'夕食'),
  (4,'おやつ');

--   都道府県
INSERT INTO prefectures (prefecture_id, prefecture_name) VALUES
  (0, '県を指定しない'),
  (1, '北海道'),
  (2, '青森県'),
  (3, '岩手県'),
  (4, '宮城県'),
  (5, '秋田県'),
  (6, '山形県'),
  (7, '福島県'),
  (8, '茨城県'),
  (9, '栃木県'),
  (10, '群馬県'),
  (11, '埼玉県'),
  (12, '千葉県'),
  (13, '東京都'),
  (14, '神奈川県'),
  (15, '新潟県'),
  (16, '富山県'),
  (17, '石川県'),
  (18, '福井県'),
  (19, '山梨県'),
  (20, '長野県'),
  (21, '岐阜県'),
  (22, '静岡県'),
  (23, '愛知県'),
  (24, '三重県'),
  (25, '滋賀県'),
  (26, '京都府'),
  (27, '大阪府'),
  (28, '兵庫県'),
  (29, '奈良県'),
  (30, '和歌山県'),
  (31, '鳥取県'),
  (32, '島根県'),
  (33, '岡山県'),
  (34, '広島県'),
  (35, '山口県'),
  (36, '徳島県'),
  (37, '香川県'),
  (38, '愛媛県'),
  (39, '高知県'),
  (40, '福岡県'),
  (41, '佐賀県'),
  (42, '長崎県'),
  (43, '熊本県'),
  (44, '大分県'),
  (45, '宮崎県'),
  (46, '鹿児島県'),
  (47, '沖縄県');

-- ユーザテーブル
INSERT INTO users(user_mail,user_name,user_password)
VALUES("2101000@s.asojuku.ac.jp","ああああ","aaaa");

-- レシピテーブル
INSERT INTO recipes (recipe_name, recipe_introduction, genre_id, user_id, time_zone_id, recipe_people, recipe_is_upload, perfecture_id)
VALUES
  ('レシピ1', 'レシピ1の紹介文', 0, 1, 0, 4, 1, 5),
  ('レシピ2', 'レシピ2の紹介文', 1, 1, 1, 2, 1, 12),
  ('レシピ3', 'レシピ3の紹介文', 2, 1, 2, 3, 1, 8),
  ('レシピ4', 'レシピ4の紹介文', 3, 1, 3, 4, 1, 3),
  ('レシピ5', 'レシピ5の紹介文', 4, 1, 4, 2, 1, 20),
  ('レシピ6', 'レシピ6の紹介文', 5, 1, 0, 3, 1, 13),
  ('レシピ7', 'レシピ7の紹介文', 6, 1, 1, 4, 1, 2),
  ('レシピ8', 'レシピ8の紹介文', 7, 1, 2, 2, 1, 17),
  ('レシピ9', 'レシピ9の紹介文', 8, 1, 3, 3, 1, 31),
  ('レシピ10', 'レシピ10の紹介文', 9, 1, 4, 4, 1, 47),
  ('レシピ11', 'レシピ11の紹介文', 0, 1, 0, 2, 1, 7),
  ('レシピ12', 'レシピ12の紹介文', 1, 1, 1, 3, 1, 25),
  ('レシピ13', 'レシピ13の紹介文', 2, 1, 2, 4, 1, 14),
  ('レシピ14', 'レシピ14の紹介文', 3, 1, 3, 2, 1, 19),
  ('レシピ15', 'レシピ15の紹介文', 4, 1, 4, 3, 1, 36),
  ('レシピ16', 'レシピ16の紹介文', 5, 1, 0, 4, 1, 23),
  ('レシピ17', 'レシピ17の紹介文', 6, 1, 1, 2, 1, 32),
  ('レシピ18', 'レシピ18の紹介文', 7, 1, 2, 3, 1, 45),
  ('レシピ19', 'レシピ19の紹介文', 8, 1, 3, 4, 1, 6);