-- ジャンルテーブルへ情報を入力
INSERT INTO genres (genre_id,genre_name) VALUES
  (0,'野菜料理'),
  (1,'魚料理'),
  (2,'肉料理'),
  (3,'麺料理'),
  (4,'ご飯もの'),
  (5,'デザート'),
  (6,'和食'),
  (7,'中華料理'),
  (8,'イタリアン'),
  (9,'フレンチ');

-- 時間帯テーブル
INSERT INTO time_zones (time_zone_id,time_zone_name) VALUES
  (0,'時間帯を指定しない'),
  (1,'朝食'),
  (2,'昼食'),
  (3,'夕食'),
  (4,'おやつ');

--   都道府県
INSERT INTO prefectures (prefecture_id, prefecture_name) VALUES
  (0, '県を指定しない'),
  (1, '北海道'),
  (2, '青森県'),
  (3, '岩手県'),
  (4, '宮城県'),
  (5, '秋田県'),
  (6, '山形県'),
  (7, '福島県'),
  (8, '茨城県'),
  (9, '栃木県'),
  (10, '群馬県'),
  (11, '埼玉県'),
  (12, '千葉県'),
  (13, '東京都'),
  (14, '神奈川県'),
  (15, '新潟県'),
  (16, '富山県'),
  (17, '石川県'),
  (18, '福井県'),
  (19, '山梨県'),
  (20, '長野県'),
  (21, '岐阜県'),
  (22, '静岡県'),
  (23, '愛知県'),
  (24, '三重県'),
  (25, '滋賀県'),
  (26, '京都府'),
  (27, '大阪府'),
  (28, '兵庫県'),
  (29, '奈良県'),
  (30, '和歌山県'),
  (31, '鳥取県'),
  (32, '島根県'),
  (33, '岡山県'),
  (34, '広島県'),
  (35, '山口県'),
  (36, '徳島県'),
  (37, '香川県'),
  (38, '愛媛県'),
  (39, '高知県'),
  (40, '福岡県'),
  (41, '佐賀県'),
  (42, '長崎県'),
  (43, '熊本県'),
  (44, '大分県'),
  (45, '宮崎県'),
  (46, '鹿児島県'),
  (47, '沖縄県');

INSERT INTO users(user_mail,user_name,user_password)
VALUES
  ('test1@gmail.com','testおじさん','pass');

-- レシピテーブル
INSERT INTO recipes (recipe_name, recipe_introduction, genre_id, user_id, time_zone_id, recipe_people, recipe_is_upload, prefecture_id)
VALUES
  ('レシピ1', 'レシピ1の説明', 0, 1, 0, 2, 1, 1),
  ('レシピ2', 'レシピ2の説明', 1, 1, 1, 3, 0, 2),
  ('レシピ3', 'レシピ3の説明', 2, 1, 2, 4, 1, 3),
  ('レシピ4', 'レシピ4の説明', 3, 1, 3, 2, 0, 4),
  ('レシピ5', 'レシピ5の説明', 4, 1, 4, 1, 1, 5),
  ('レシピ6', 'レシピ6の説明', 5, 1, 0, 3, 0, 6),
  ('レシピ7', 'レシピ7の説明', 6, 1, 1, 4, 1, 7),
  ('レシピ8', 'レシピ8の説明', 7, 1, 2, 2, 0, 8),
  ('レシピ9', 'レシピ9の説明', 8, 1, 3, 3, 1, 9),
  ('レシピ10', 'レシピ10の説明', 9, 1, 4, 1, 0, 10),
  ('レシピ11', 'レシピ11の説明', 0, 1, 0, 2, 1, 11),
  ('レシピ12', 'レシピ12の説明', 1, 1, 1, 3, 0, 12),
  ('レシピ13', 'レシピ13の説明', 2, 1, 2, 4, 1, 13),
  ('レシピ14', 'レシピ14の説明', 3, 1, 3, 2, 0, 14),
  ('レシピ15', 'レシピ15の説明', 4, 1, 4, 1, 1, 15),
  ('レシピ16', 'レシピ16の説明', 5, 1, 0, 3, 0, 16),
  ('レシピ17', 'レシピ17の説明', 6, 1, 1, 4, 1, 17),
  ('レシピ18', 'レシピ18の説明', 7, 1, 2, 2, 0, 18),
  ('レシピ19', 'レシピ19の説明', 8, 1, 3, 3, 1, 19);

INSERT INTO goods (user_id, recipe_id, good_time) 
VALUES
  (1, 25, '2023-06-29'),
  (2, 10, '2023-06-29'),
  (3, 45, '2023-06-29'),
  (4, 12, '2023-06-29'),
  (1, 8, '2023-06-29'),
  (2, 49, '2023-06-29'),
  (3, 18, '2023-06-29'),
  (4, 37, '2023-06-29'),
  (1, 41, '2023-06-29'),
  (2, 27, '2023-06-29'),
  (3, 3, '2023-06-29'),
  (4, 16, '2023-06-29'),
  (1, 33, '2023-06-29'),
  (2, 1, '2023-06-29'),
  (3, 50, '2023-06-29'),
  (4, 39, '2023-06-29'),
  (1, 47, '2023-06-29'),
  (2, 36, '2023-06-29'),
  (3, 9, '2023-06-29'),
  (4, 24, '2023-06-29'),
  (1, 42, '2023-06-29'),
  (2, 19, '2023-06-29'),
  (3, 15, '2023-06-29'),
  (4, 2, '2023-06-29'),
  (1, 35, '2023-06-29'),
  (2, 6, '2023-06-29'),
  (3, 43, '2023-06-29'),
  (4, 20, '2023-06-29'),
  (1, 32, '2023-06-29'),
  (2, 29, '2023-06-29');

INSERT INTO favorites (user_id, recipe_id, favorite_time)
VALUES
  (1, 10, '2023-06-29'),
  (2, 25, '2023-06-29'),
  (3, 7, '2023-06-29'),
  (1, 48, '2023-06-29'),
  (2, 12, '2023-06-29'),
  (3, 31, '2023-06-29'),
  (1, 5, '2023-06-29'),
  (2, 38, '2023-06-29'),
  (3, 19, '2023-06-29'),
  (1, 42, '2023-06-29'),
  (2, 9, '2023-06-29'),
  (3, 22, '2023-06-29'),
  (1, 14, '2023-06-29'),
  (2, 46, '2023-06-29'),
  (3, 29, '2023-06-29'),
  (1, 1, '2023-06-29'),
  (2, 40, '2023-06-29'),
  (3, 17, '2023-06-29'),
  (1, 44, '2023-06-29'),
  (2, 3, '2023-06-29'),
  (4, 27, '2023-06-29'),
  (5, 10, '2023-06-29'),
  (5, 3, '2023-06-29'),
  (6, 18, '2023-06-29'),
  (4, 45, '2023-06-29'),
  (5, 33, '2023-06-29'),
  (4, 22, '2023-06-29'),
  (6, 14, '2023-06-29'),
  (4, 7, '2023-06-29'),
  (6, 19, '2023-06-29'),
  (4, 31, '2023-06-29'),
  (5, 40, '2023-06-29'),
  (6, 2, '2023-06-29'),
  (4, 48, '2023-06-29'),
  (6, 9, '2023-06-29'),
  (4, 17, '2023-06-29'),
  (6, 35, '2023-06-29'),
  (5, 47, '2023-06-29'),
  (4, 11, '2023-06-29'),
  (5, 29, '2023-06-29'),
  (7, 10, '2023-06-29'),
  (8, 20, '2023-06-29'),
  (9, 7, '2023-06-29'),
  (7, 15, '2023-06-29'),
  (8, 48, '2023-06-29'),
  (9, 42, '2023-06-29'),
  (7, 3, '2023-06-29'),
  (8, 30, '2023-06-29'),
  (9, 26, '2023-06-29'),
  (7, 50, '2023-06-29'),
  (8, 12, '2023-06-29'),
  (9, 2, '2023-06-29'),
  (7, 36, '2023-06-29'),
  (8, 19, '2023-06-29'),
  (9, 17, '2023-06-29'),
  (7, 5, '2023-06-29'),
  (8, 9, '2023-06-29'),
  (9, 45, '2023-06-29'),
  (7, 25, '2023-06-29'),
  (8, 39, '2023-06-29');









