-- ジャンルテーブルへ情報を入力
INSERT INTO genres (genre_id,genre_name) VALUES
  (0,'日本料理'),
  (1,'寿司'),
  (2,'海鮮'),
  (3,'うなぎ・あなご'),
  (4,'天ぷら'),
  (5,'とんかつ'),
  (6,'焼き鳥'),
  (7,'すき焼き'),
  (8,'しゃぶしゃぶ'),
  (9,'そば'),
  (10,'うどん'),
  (11,'麺類'),
  (12,'お好み焼き'),
  (13,'丼'),
  (14,'おでん'),
  (15,'洋食'),
  (16,'ステーキ'),
  (17,'フレンチ'),
  (18,'イタリアン'),
  (19,'スペイン料理'),
  (20,'ヨーロッパ料理'),
  (21,'アメリカ料理'),
  (22,'中華料理'),
  (23,'四川料理'),
  (24,'台湾料理'),
  (25,'飲茶・点心'),
  (26,'餃子'),
  (27,'肉まん'),
  (28,'小籠包'),
  (29,'中華がゆ'),
  (30,'アジア・エスニック'),
  (31,'アジア・エスニック'),
  (32,'韓国料理'),
  (33,'東南アジア料理'),
  (34,'南アジア料理'),
  (35,'中東料理'),
  (36,'中南米料理'),
  (37,'アフリカ料理'),
  (38,'カレー'),
  (39,'インドカレー'),
  (40,'スープカレー'),
  (41,'焼肉'),
  (42,'ホルモン'),
  (43,'ジンギスカン'),
  (44,'鍋'),
  (45,'もつ鍋'),
  (46,'ちゃんこ鍋'),
  (47,'火鍋'),
  (48,'オーガニック'),
  (49,'弁当・おにぎり'),
  (50,'シーフード'),
  (51,'サラダ'),
  (52,'チーズ料理'),
  (53,'ニンニク料理'),
  (54,'ラーメン'),
  (55,'つけ麺'),
  (56,'油そば・まぜそば'),
  (57,'担々麺'),
  (58,'スイーツ'),
  (59,'洋菓子'),
  (60,'和菓子'),
  (61,'ソフトクリーム'),
  (62,'パン'),
  (63,'サンドイッチ');



-- 時間帯テーブル
INSERT INTO time_zones (time_zone_id,time_zone_name) VALUES
  (0,'時間帯を指定しない'),
  (1,'朝食'),
  (2,'昼食'),
  (3,'夕食'),
  (4,'おやつ'),
  (5,'夜食');

--   都道府県
INSERT INTO prefectures (prefecture_id, prefecture_name) VALUES
  (0, '県を指定しない'),
  (1, '北海道'),
  (2, '青森県'),
  (3, '岩手県'),
  (4, '宮城県'),
  (5, '秋田県'),
  (6, '山形県'),
  (7, '福島県'),
  (8, '茨城県'),
  (9, '栃木県'),
  (10, '群馬県'),
  (11, '埼玉県'),
  (12, '千葉県'),
  (13, '東京都'),
  (14, '神奈川県'),
  (15, '新潟県'),
  (16, '富山県'),
  (17, '石川県'),
  (18, '福井県'),
  (19, '山梨県'),
  (20, '長野県'),
  (21, '岐阜県'),
  (22, '静岡県'),
  (23, '愛知県'),
  (24, '三重県'),
  (25, '滋賀県'),
  (26, '京都府'),
  (27, '大阪府'),
  (28, '兵庫県'),
  (29, '奈良県'),
  (30, '和歌山県'),
  (31, '鳥取県'),
  (32, '島根県'),
  (33, '岡山県'),
  (34, '広島県'),
  (35, '山口県'),
  (36, '徳島県'),
  (37, '香川県'),
  (38, '愛媛県'),
  (39, '高知県'),
  (40, '福岡県'),
  (41, '佐賀県'),
  (42, '長崎県'),
  (43, '熊本県'),
  (44, '大分県'),
  (45, '宮崎県'),
  (46, '鹿児島県'),
  (47, '沖縄県');

INSERT INTO users (user_mail, user_name, user_password, user_introduction, prefecture_id) 
VALUES 
  ('test1@gmail.com', 'test1', 'pass', 'よろしくお願いします。', 12), 
  ('test2@gmail.com', 'test2', 'pass', 'よろしくお願いします。', 34), 
  ('test3@gmail.com', 'test3', 'pass', 'よろしくお願いします。', 20), 
  ('test4@gmail.com', 'test4', 'pass', 'よろしくお願いします。', 5), 
  ('test5@gmail.com', 'test5', 'pass', 'よろしくお願いします。', 43), 
  ('test6@gmail.com', 'test6', 'pass', 'よろしくお願いします。', 18), 
  ('test7@gmail.com', 'test7', 'pass', 'よろしくお願いします。', 9), 
  ('test8@gmail.com', 'test8', 'pass', 'よろしくお願いします。', 31), 
  ('test9@gmail.com', 'test9', 'pass', 'よろしくお願いします。', 25), 
  ('test10@gmail.com', 'test10', 'pass', 'よろしくお願いします。', 37);

-- レシピテーブル
INSERT INTO recipes (recipe_name, recipe_introduction, genre_id, user_id, time_zone_id, recipe_people, recipe_is_upload, prefecture_id)
VALUES
  ('レシピ1', 'レシピ1の説明', 0, 1, 0, 2, 1, 1),
  ('レシピ2', 'レシピ2の説明', 1, 1, 1, 3, 0, 2),
  ('レシピ3', 'レシピ3の説明', 2, 1, 2, 4, 1, 3),
  ('レシピ4', 'レシピ4の説明', 3, 1, 3, 2, 0, 4),
  ('レシピ5', 'レシピ5の説明', 4, 1, 4, 1, 1, 5),
  ('レシピ6', 'レシピ6の説明', 5, 1, 0, 3, 0, 6),
  ('レシピ7', 'レシピ7の説明', 6, 1, 1, 4, 1, 7),
  ('レシピ8', 'レシピ8の説明', 7, 1, 2, 2, 0, 8),
  ('レシピ9', 'レシピ9の説明', 8, 1, 3, 3, 1, 9),
  ('レシピ10', 'レシピ10の説明', 9, 1, 4, 1, 0, 10),
  ('レシピ11', 'レシピ11の説明', 0, 1, 0, 2, 1, 11),
  ('レシピ12', 'レシピ12の説明', 1, 1, 1, 3, 0, 12),
  ('レシピ13', 'レシピ13の説明', 2, 1, 2, 4, 1, 13),
  ('レシピ14', 'レシピ14の説明', 3, 1, 3, 2, 0, 14),
  ('レシピ15', 'レシピ15の説明', 4, 1, 4, 1, 1, 15),
  ('レシピ16', 'レシピ16の説明', 5, 1, 0, 3, 0, 16),
  ('レシピ17', 'レシピ17の説明', 6, 1, 1, 4, 1, 17),
  ('レシピ18', 'レシピ18の説明', 7, 1, 2, 2, 0, 18),
  ('レシピ19', 'レシピ19の説明', 8, 1, 3, 3, 1, 19);

INSERT INTO goods (user_id, recipe_id, good_time) 
VALUES

  (1, 25, '2023-06-29'),
  (2, 10, '2023-06-29'),
  (3, 45, '2023-06-29'),
  (4, 12, '2023-06-29'),
  (1, 8, '2023-06-29'),
  (2, 49, '2023-06-29'),
  (3, 18, '2023-06-29'),
  (4, 37, '2023-06-29'),
  (1, 41, '2023-06-29'),
  (2, 27, '2023-06-29'),
  (3, 3, '2023-06-29'),
  (4, 16, '2023-06-29'),
  (1, 33, '2023-06-29'),
  (2, 1, '2023-06-29'),
  (3, 50, '2023-06-29'),
  (4, 39, '2023-06-29'),
  (1, 47, '2023-06-29'),
  (2, 36, '2023-06-29'),
  (3, 9, '2023-06-29'),
  (4, 24, '2023-06-29'),
  (1, 42, '2023-06-29'),
  (2, 19, '2023-06-29'),
  (3, 15, '2023-06-29'),
  (4, 2, '2023-06-29'),
  (1, 35, '2023-06-29'),
  (2, 6, '2023-06-29'),
  (3, 43, '2023-06-29'),
  (4, 20, '2023-06-29'),
  (1, 32, '2023-06-29'),
  (2, 29, '2023-06-29');

INSERT INTO favorites (user_id, recipe_id, favorite_time)
VALUES
  (1, 10, '2023-06-29'),
  (2, 25, '2023-06-29'),
  (3, 7, '2023-06-29'),
  (1, 48, '2023-06-29'),
  (2, 12, '2023-06-29'),
  (3, 31, '2023-06-29'),
  (1, 5, '2023-06-29'),
  (2, 38, '2023-06-29'),
  (3, 19, '2023-06-29'),
  (1, 42, '2023-06-29'),
  (2, 9, '2023-06-29'),
  (3, 22, '2023-06-29'),
  (1, 14, '2023-06-29'),
  (2, 46, '2023-06-29'),
  (3, 29, '2023-06-29'),
  (1, 1, '2023-06-29'),
  (2, 40, '2023-06-29'),
  (3, 17, '2023-06-29'),
  (1, 44, '2023-06-29'),
  (2, 3, '2023-06-29'),
  (4, 27, '2023-06-29'),
  (5, 10, '2023-06-29'),
  (5, 3, '2023-06-29'),
  (6, 18, '2023-06-29'),
  (4, 45, '2023-06-29'),
  (5, 33, '2023-06-29'),
  (4, 22, '2023-06-29'),
  (6, 14, '2023-06-29'),
  (4, 7, '2023-06-29'),
  (6, 19, '2023-06-29'),
  (4, 31, '2023-06-29'),
  (5, 40, '2023-06-29'),
  (6, 2, '2023-06-29'),
  (4, 48, '2023-06-29'),
  (6, 9, '2023-06-29'),
  (4, 17, '2023-06-29'),
  (6, 35, '2023-06-29'),
  (5, 47, '2023-06-29'),
  (4, 11, '2023-06-29'),
  (5, 29, '2023-06-29'),
  (7, 10, '2023-06-29'),
  (8, 20, '2023-06-29'),
  (9, 7, '2023-06-29'),
  (7, 15, '2023-06-29'),
  (8, 48, '2023-06-29'),
  (9, 42, '2023-06-29'),
  (7, 3, '2023-06-29'),
  (8, 30, '2023-06-29'),
  (9, 26, '2023-06-29'),
  (7, 50, '2023-06-29'),
  (8, 12, '2023-06-29'),
  (9, 2, '2023-06-29'),
  (7, 36, '2023-06-29'),
  (8, 19, '2023-06-29'),
  (9, 17, '2023-06-29'),
  (7, 5, '2023-06-29'),
  (8, 9, '2023-06-29'),
  (9, 45, '2023-06-29'),
  (7, 25, '2023-06-29'),
  (8, 39, '2023-06-29');









